frame,object_id,class,x,y,width,height,center_x,center_y,area
1,884,person,685.78,371.15,114.23,360.39,685.78,371.15,41166.8
1,885,person,561.68,438.52,141.05,254.7,561.68,438.52,35925.4
1,888,person,686.79,266.19,114.8,139.49,686.79,266.19,16013.28
2,884,person,687.73,390.03,101.38,318.33,687.73,390.03,32273.95
2,885,person,566.81,430.24,151.46,273.34,566.81,430.24,41400.73
2,888,person,695.44,264.23,118.91,144.3,695.44,264.23,17158.34
3,884,person,692.99,372.77,113.56,355.15,692.99,372.77,40330.01
3,885,person,568.44,441.43,139.37,250.14,568.44,441.43,34862.96
3,888,person,700.63,260.56,121.56,147.1,700.63,260.56,17881.24
4,884,person,693.86,369.29,117.42,365.21,693.86,369.29,42881.36
4,885,person,564.77,450.88,129.51,230.41,564.77,450.88,29840.81
4,888,person,704.47,258.09,122.8,147.87,704.47,258.09,18158.7
5,884,person,697.42,369.58,121.34,374.6,697.42,369.58,45453.78
5,885,person,556.57,448.95,131.01,232.51,556.57,448.95,30461.24
5,888,person,705.74,256.04,123.69,147.79,705.74,256.04,18279.13
6,884,person,688.96,367.26,120.73,371.84,688.96,367.26,44893.54
6,885,person,552.24,440.58,138.1,245.24,552.24,440.58,33866.82
6,888,person,705.11,252.61,125.84,148.86,705.11,252.61,18733.68
7,884,person,683.31,362.22,121.06,372.74,683.31,362.22,45125.41
7,885,person,546.71,440.88,135.99,240.81,546.71,440.88,32748.13
7,888,person,705.96,247.73,128.56,149.88,705.96,247.73,19268.23
7,894,carton,791.75,484.79,166.13,138.9,791.75,484.79,23075.57
8,884,person,678.2,378.84,106.91,324.69,678.2,378.84,34713.05
8,885,person,540.24,439.85,129.44,226.49,540.24,439.85,29317.33
8,888,person,705.39,241.51,132.15,151.48,705.39,241.51,20017.46
8,895,person,536.34,293.77,87.23,125.62,536.34,293.77,10958.38
9,884,person,671.49,383.16,102.01,304.96,671.49,383.16,31107.88
9,885,person,533.23,434.95,130.24,226.8,533.23,434.95,29537.85
9,895,person,529.18,283.66,91.77,132.4,529.18,283.66,12150.93
9,897,person,702.12,346.75,177.08,376.23,702.12,346.75,66623.39
10,884,person,666.34,379.54,103.05,303.84,666.34,379.54,31312.1
10,894,carton,779.95,466.01,170.41,142.46,779.95,466.01,24276.77
10,888,person,702.13,224.91,138.99,155.38,702.13,224.91,21595.59
11,884,person,663.2,371.77,104.18,303.19,663.2,371.77,31586.28
11,894,carton,777.07,458.42,174.88,146.24,777.07,458.42,25575.22
11,885,person,520.22,404.43,151.18,264.46,520.22,404.43,39980.86
11,895,person,514.31,256.9,98.67,142.68,514.31,256.9,14078.17
11,897,person,704.21,329.05,184.02,389.2,704.21,329.05,71622.31
12,884,person,658.46,364.42,106.51,304.74,658.46,364.42,32459.16
12,894,carton,775.88,452.2,177.16,148.07,775.88,452.2,26232.46
12,885,person,528.8,405.47,148.59,249.55,528.8,405.47,37080.55
12,895,person,511.4,243.91,103.35,149.69,511.4,243.91,15470.64
12,897,person,704.46,319.5,189.98,399.62,704.46,319.5,75919.33
13,884,person,655.09,354.61,111.84,316.59,655.09,354.61,35407.55
13,885,person,515.6,397.09,148.98,248.35,515.6,397.09,36997.44
13,897,person,681.01,309.08,188.24,399.09,681.01,309.08,75125.88
13,888,person,697.63,191.86,148.71,160.85,697.63,191.86,23920.62
14,884,person,651.87,346.69,115.23,322.88,651.87,346.69,37205.34
14,885,person,507.21,383.08,158.15,263.8,507.21,383.08,41718.92
14,897,person,668.87,312.14,183.83,392.57,668.87,312.14,72167.05
14,888,person,696.38,183.21,157.18,165.73,696.38,183.21,26049.89
14,894,carton,774.37,438.97,183.13,153.36,774.37,438.97,28084.63
15,884,person,648.3,335.5,118.27,327.95,648.3,335.5,38787.43
15,885,person,499.43,381.58,153.79,255.28,499.43,381.58,39258.95
15,897,person,679.88,299.58,190.48,405.49,679.88,299.58,77237.14
15,888,person,701.09,177.82,172.88,178.53,701.09,177.82,30863.7
15,894,carton,773.29,432.55,185.65,155.8,773.29,432.55,28922.72
15,895,person,493.68,216.87,105.7,154.61,493.68,216.87,16341.93
16,884,person,645.91,328.52,120.89,331.49,645.91,328.52,40072.27
16,885,person,495.4,377.03,156.81,260.53,495.4,377.03,40853.19
16,897,person,686.93,292.28,194.17,410.75,686.93,292.28,79753.25
16,888,person,700.7,179.74,194.93,200.06,700.7,179.74,38997.14
16,894,carton,773.47,428.86,186.4,156.48,773.47,428.86,29167.88
17,884,person,643.71,323.69,124.08,336.8,643.71,323.69,41789.14
17,885,person,491.67,366.67,169.23,283.97,491.67,366.67,48057.46
17,897,person,683.94,288.25,195.24,411.43,683.94,288.25,80327.38
17,888,person,693.8,171.91,192.22,197.11,693.8,171.91,37889.94
17,894,carton,773.6,427.55,187.82,157.71,773.6,427.55,29622.54
17,895,person,494.89,200.56,106.76,155.51,494.89,200.56,16601.89
18,884,person,641.63,322.5,126.79,341.72,641.63,322.5,43325.35
18,885,person,489.5,348.85,189.15,322.72,489.5,348.85,61042.67
18,897,person,686.08,284.47,201.95,422.74,686.08,284.47,85371.77
18,888,person,692.01,174.44,206.59,210.6,692.01,174.44,43505.99
18,894,carton,772.47,427.94,190.23,160.09,772.47,427.94,30453.12
19,884,person,637.93,324.87,129.74,346.68,637.93,324.87,44977.27
19,885,person,485.56,353.99,186.0,320.71,485.56,353.99,59653.53
19,888,person,683.31,171.8,200.03,206.27,683.31,171.8,41260.37
19,894,carton,770.87,430.65,193.21,162.9,770.87,430.65,31473.69
19,909,carton,602.62,78.37,162.47,154.33,602.62,78.37,25075.38
19,895,person,491.78,195.93,110.7,160.55,491.78,195.93,17773.29
20,884,person,636.0,330.56,132.32,351.5,636.0,330.56,46509.85
20,885,person,482.9,367.69,174.48,301.26,482.9,367.69,52565.17
20,888,person,693.58,174.21,199.0,207.82,693.58,174.21,41356.09
20,894,carton,769.39,434.46,197.1,166.55,769.39,434.46,32827.38
20,895,person,485.96,197.15,113.3,165.46,485.96,197.15,18746.53
21,884,person,634.08,337.13,134.05,353.02,634.08,337.13,47322.82
21,885,person,482.77,380.05,169.85,292.83,482.77,380.05,49735.78
21,888,person,696.71,183.41,202.51,215.16,696.71,183.41,43571.32
21,895,person,486.16,200.97,114.95,168.75,486.16,200.97,19397.38
22,884,person,636.53,346.59,135.25,354.43,636.53,346.59,47935.94
22,885,person,484.84,385.41,177.4,307.43,484.84,385.41,54536.87
22,888,person,705.24,193.22,201.72,215.78,705.24,193.22,43528.29
22,894,carton,774.95,453.56,197.65,166.97,774.95,453.56,33002.97
23,884,person,636.66,344.05,128.92,332.71,636.66,344.05,42893.33
23,885,person,482.61,407.02,172.23,298.38,482.61,407.02,51389.92
23,888,person,711.45,205.5,203.59,218.7,711.45,205.5,44526.28
24,884,person,633.08,372.79,138.23,355.05,633.08,372.79,49076.86
24,885,person,480.82,423.54,175.13,303.77,480.82,423.54,53198.39
24,888,person,708.58,220.14,204.33,221.15,708.58,220.14,45189.3
24,914,person,482.88,238.85,109.71,182.55,482.88,238.85,20027.7
25,884,person,629.47,391.59,142.34,365.31,629.47,391.59,51999.27
25,885,person,470.27,449.51,171.33,296.23,470.27,449.51,50752.75
25,888,person,700.49,239.08,205.74,225.56,700.49,239.08,46404.98
25,914,person,471.72,254.59,114.2,189.98,471.72,254.59,21695.36
26,884,person,621.59,412.33,145.77,374.6,621.59,412.33,54605.79
26,885,person,460.23,459.49,182.78,317.54,460.23,459.49,58041.29
26,888,person,695.71,256.36,204.32,225.21,695.71,256.36,46014.69
27,884,person,613.34,426.84,149.68,383.72,613.34,426.84,57437.74
27,885,person,451.44,460.1,196.29,345.0,451.44,460.1,67718.05
27,888,person,687.94,269.72,208.98,233.08,687.94,269.72,48709.16
27,914,person,449.29,278.98,117.98,196.22,449.29,278.98,23149.99
28,884,person,609.99,432.06,151.02,386.24,609.99,432.06,58329.0
28,885,person,445.38,463.62,201.11,355.54,445.38,463.62,71503.9
28,888,person,681.43,274.43,208.36,235.5,681.43,274.43,49069.38
28,914,person,439.07,285.78,123.39,205.3,439.07,285.78,25331.39
29,884,person,607.69,432.61,155.7,398.57,607.69,432.61,62055.2
29,885,person,442.4,464.7,205.3,364.65,442.4,464.7,74861.47
29,888,person,678.62,274.36,207.38,238.12,678.62,274.36,49380.05
29,914,person,433.21,284.84,126.26,209.93,433.21,284.84,26506.5
30,884,person,611.08,431.99,158.47,405.03,611.08,431.99,64183.32
30,885,person,444.82,463.77,208.41,371.82,444.82,463.77,77491.94
30,888,person,683.62,269.6,205.92,239.29,683.62,269.6,49274.91
30,914,person,435.92,281.89,130.43,216.85,435.92,281.89,28284.7
31,884,person,618.89,428.16,160.21,409.54,618.89,428.16,65612.87
31,885,person,449.08,460.1,207.66,372.23,449.08,460.1,77297.72
31,888,person,689.71,264.16,202.76,238.66,689.71,264.16,48389.39
31,914,person,444.68,272.08,128.34,214.37,444.68,272.08,27511.71
32,884,person,632.37,423.54,160.93,412.35,632.37,423.54,66359.05
32,885,person,466.91,454.43,212.7,379.18,466.91,454.43,80651.87
32,888,person,700.25,256.32,201.36,239.62,700.25,256.32,48251.47
32,914,person,449.3,266.31,130.94,220.47,449.3,266.31,28867.77
33,884,person,641.32,420.97,161.24,413.81,641.32,420.97,66721.73
33,885,person,487.88,455.5,218.15,380.25,487.88,455.5,82950.62
33,888,person,709.1,251.3,199.38,239.7,709.1,251.3,47792.78
33,914,person,460.65,265.13,134.86,227.17,460.65,265.13,30636.38
33,922,carton,801.41,540.8,234.56,196.69,801.41,540.8,46134.63
33,923,person,213.57,296.64,148.68,560.4,213.57,296.64,83317.58
34,884,person,647.99,420.24,162.7,418.34,647.99,420.24,68063.98
34,885,person,498.44,457.93,223.55,380.19,498.44,457.93,84991.18
34,888,person,713.97,250.29,197.06,239.67,713.97,250.29,47229.32
34,914,person,469.11,266.23,138.27,232.76,469.11,266.23,32183.31
34,923,person,216.08,308.46,155.72,587.35,216.08,308.46,91464.7
35,884,person,652.76,420.45,163.46,420.5,652.76,420.45,68737.24
35,885,person,502.96,460.19,227.59,378.84,502.96,460.19,86221.18
35,888,person,721.64,252.52,199.12,244.26,721.64,252.52,48636.52
35,914,person,473.48,268.64,143.35,241.95,473.48,268.64,34683.09
35,923,person,219.6,313.61,157.91,596.18,219.6,313.61,94141.57
35,928,person,468.97,469.9,206.15,349.51,468.97,469.9,72053.11
35,922,carton,814.05,545.58,240.76,201.85,814.05,545.58,48598.07
36,884,person,656.49,419.14,164.39,422.58,656.49,419.14,69467.58
36,885,person,507.02,461.21,231.51,377.94,507.02,461.21,87495.36
36,888,person,728.26,251.18,198.37,244.85,728.26,251.18,48571.26
36,914,person,473.4,268.65,142.02,242.61,473.4,268.65,34454.72
36,923,person,214.99,357.09,123.05,460.58,214.99,357.09,56675.36
36,928,person,472.12,470.06,206.33,349.95,472.12,470.06,72206.91
36,934,person,512.97,210.45,82.55,125.03,512.97,210.45,10321.38
36,922,carton,819.81,545.58,242.18,202.96,819.81,545.58,49152.86
37,884,person,662.98,417.55,165.06,425.13,662.98,417.55,70171.81
37,888,person,733.56,247.56,197.19,244.29,733.56,247.56,48169.68
37,923,person,206.75,371.77,108.51,405.53,206.75,371.77,44003.95
37,928,person,482.31,463.58,214.66,363.95,482.31,463.58,78127.45
37,934,person,515.3,207.65,85.65,129.56,515.3,207.65,11096.8
38,884,person,667.53,416.08,165.61,427.58,667.53,416.08,70809.8
38,888,person,738.21,242.83,195.54,242.66,738.21,242.83,47448.73
38,928,person,492.99,462.18,218.87,369.32,492.99,462.18,80830.98
38,934,person,510.8,205.87,89.71,134.59,510.8,205.87,12074.07
38,914,person,485.46,262.69,144.2,244.11,485.46,262.69,35201.82
39,884,person,670.57,412.51,165.49,428.98,670.57,412.51,70992.32
39,888,person,743.59,238.3,196.68,243.19,743.59,238.3,47830.1
39,928,person,480.72,462.44,220.58,373.29,480.72,462.44,82339.95
39,914,person,480.29,255.18,139.81,238.1,480.29,255.18,33289.02
40,884,person,673.16,408.91,166.62,434.06,673.16,408.91,72321.05
40,888,person,747.62,234.51,199.61,245.93,747.62,234.51,49090.9
40,928,person,476.49,461.82,218.84,371.23,476.49,461.82,81240.56
40,914,person,474.62,247.45,136.64,230.43,474.62,247.45,31486.61
40,941,carton,807.74,71.7,156.39,139.24,807.74,71.7,21775.38
40,885,person,518.73,463.39,238.68,376.61,518.73,463.39,89888.67
41,884,person,666.64,407.25,169.48,436.8,666.64,407.25,74027.96
41,888,person,750.63,231.92,204.36,250.61,750.63,231.92,51214.6
41,928,person,473.32,468.56,212.18,360.14,473.32,468.56,76413.78
41,941,carton,810.73,70.81,153.95,136.86,810.73,70.81,21069.78
41,885,person,520.75,465.03,245.52,375.62,520.75,465.03,92222.64
42,884,person,662.53,406.08,172.58,439.56,662.53,406.08,75860.76
42,888,person,751.29,229.54,206.01,251.14,751.29,229.54,51738.2
42,928,person,470.0,470.08,212.27,361.18,470.0,470.08,76666.16
42,941,carton,812.78,69.53,151.84,134.59,812.78,69.53,20435.18
42,885,person,521.92,466.94,252.82,376.22,521.92,466.94,95116.53
42,944,carton,810.87,190.4,155.29,154.95,810.87,190.4,24062.62
43,884,person,662.47,405.25,176.43,444.86,662.47,405.25,78485.19
43,888,person,750.51,225.06,207.9,251.7,750.51,225.06,52327.11
43,941,carton,814.92,66.85,146.62,129.21,814.92,66.85,18945.5
43,944,carton,811.82,186.77,157.86,157.53,811.82,186.77,24866.31
43,945,person,216.1,307.86,159.2,585.99,216.1,307.86,93289.88
43,922,carton,846.97,544.64,258.39,216.56,846.97,544.64,55954.77
44,884,person,668.78,401.96,178.72,449.54,668.78,401.96,80343.0
44,888,person,746.78,209.12,194.49,231.47,746.78,209.12,45017.2
44,944,carton,816.25,180.54,159.41,159.03,816.25,180.54,25350.94
44,945,person,211.8,310.42,163.11,600.62,211.8,310.42,97966.73
44,922,carton,849.67,543.47,260.37,218.29,849.67,543.47,56836.15
45,884,person,673.95,401.3,179.32,452.85,673.95,401.3,81205.49
45,888,person,740.57,201.54,189.72,223.78,740.57,201.54,42455.67
45,945,person,210.47,300.21,155.41,570.77,210.47,300.21,88705.29
45,922,carton,850.6,544.36,263.59,221.3,850.6,544.36,58332.67
46,884,person,672.52,402.33,179.33,453.57,672.52,402.33,81337.92
46,888,person,733.17,196.51,186.67,211.55,733.17,196.51,39491.16
46,945,person,209.5,302.95,157.62,577.7,209.5,302.95,91057.49
47,884,person,673.87,403.23,181.11,458.96,673.87,403.23,83123.61
47,945,person,210.57,300.21,156.79,573.15,210.57,300.21,89863.45
47,941,carton,817.81,67.95,151.14,131.91,817.81,67.95,19935.88
47,922,carton,850.78,550.08,261.99,220.01,850.78,550.08,57639.19
48,884,person,678.34,387.87,192.26,493.6,678.34,387.87,94897.8
48,945,person,214.45,307.42,159.6,585.44,214.45,307.42,93438.69
48,948,person,495.7,404.9,356.13,546.17,495.7,404.9,194506.92
49,884,person,681.24,406.11,176.79,452.5,681.24,406.11,79997.34
49,945,person,225.28,306.49,158.4,581.35,225.28,306.49,92086.12
49,948,person,464.63,409.59,348.14,535.43,464.63,409.59,186403.16
49,941,carton,822.5,73.75,163.97,142.96,822.5,73.75,23441.94
50,884,person,684.76,412.77,164.89,419.1,684.76,412.77,69104.05
50,945,person,234.68,317.11,162.77,601.25,234.68,317.11,97865.11
50,948,person,459.02,409.73,339.01,522.5,459.02,409.73,177130.22
52,941,carton,838.96,79.0,169.46,148.04,838.96,79.0,25087.91
54,957,person,750.25,351.6,276.07,445.07,750.25,351.6,122867.84
54,884,person,702.77,416.02,152.69,387.65,702.77,416.02,59188.89
54,941,carton,848.73,83.29,171.55,151.24,848.73,83.29,25945.8
55,957,person,757.99,368.9,295.47,478.43,757.99,368.9,141359.78
56,957,person,764.89,378.78,304.81,496.87,764.89,378.78,151451.64
56,961,person,541.13,538.48,205.35,224.55,541.13,538.48,46112.24
56,941,carton,862.17,87.74,168.06,149.23,862.17,87.74,25078.74
57,957,person,772.96,379.41,303.72,498.94,772.96,379.41,151537.88
57,961,person,552.37,538.01,202.46,221.27,552.37,538.01,44799.14
57,941,carton,870.93,87.33,167.4,149.39,870.93,87.33,25007.52
58,957,person,777.13,380.63,303.49,503.75,777.13,380.63,152882.08
58,961,person,564.05,535.61,198.92,217.61,564.05,535.61,43286.87
58,941,carton,878.79,86.65,165.24,148.14,878.79,86.65,24478.54
58,963,carton,872.24,207.11,150.53,138.48,872.24,207.11,20846.44
59,957,person,777.89,380.21,297.57,499.99,777.89,380.21,148782.94
59,961,person,573.73,533.17,195.99,214.34,573.73,533.17,42009.0
60,957,person,781.09,368.92,278.56,472.28,781.09,368.92,131559.94
61,957,person,777.98,373.31,275.78,474.25,777.98,373.31,130788.14
62,957,person,778.87,379.84,274.58,476.89,778.87,379.84,130942.02
63,957,person,777.17,379.43,264.61,462.71,777.17,379.43,122437.54
64,957,person,761.01,374.93,250.15,444.24,761.01,374.93,111127.2
65,922,carton,894.63,561.67,233.26,196.44,894.63,561.67,45819.86
66,884,person,727.86,421.42,150.35,374.83,727.86,421.42,56356.52
67,967,person,549.28,248.03,104.61,131.47,549.28,248.03,13752.54
68,967,person,542.31,256.58,95.3,119.17,542.31,256.58,11356.26
69,884,person,713.43,409.66,182.58,449.02,713.43,409.66,81982.24
70,884,person,708.95,410.02,187.24,458.59,708.95,410.02,85867.01
70,967,person,533.1,264.08,100.11,124.29,533.1,264.08,12442.83
71,884,person,709.68,423.79,173.28,416.85,709.68,423.79,72231.73
72,884,person,711.51,411.62,183.74,442.03,711.51,411.62,81218.46
73,972,person,704.02,354.43,137.56,242.44,704.02,354.43,33350.48
74,972,person,721.48,357.79,144.62,254.59,721.48,357.79,36818.17
74,961,person,678.67,539.18,176.19,191.66,678.67,539.18,33767.9
75,972,person,730.34,358.78,154.03,271.06,730.34,358.78,41750.32
75,961,person,687.56,533.47,179.56,193.78,687.56,533.47,34794.89
76,972,person,730.04,319.91,172.32,303.64,730.04,319.91,52322.18
76,884,person,712.01,385.05,196.02,469.75,712.01,385.05,92081.26
77,972,person,732.39,302.73,178.34,314.68,732.39,302.73,56118.93
77,884,person,717.13,382.56,196.39,472.25,717.13,382.56,92746.06
77,922,carton,889.33,528.33,219.82,184.86,889.33,528.33,40634.76
78,972,person,732.56,297.45,180.24,318.64,732.56,297.45,57429.8
78,884,person,719.72,380.27,195.82,471.54,719.72,380.27,92338.02
78,922,carton,891.51,526.26,218.48,183.59,891.51,526.26,40110.88
79,972,person,737.88,297.51,182.68,324.76,737.88,297.51,59327.5
79,884,person,727.61,376.21,193.69,470.17,727.61,376.21,91066.11
79,922,carton,893.53,524.34,218.57,183.57,893.53,524.34,40122.87
80,972,person,741.67,298.09,183.36,328.12,741.67,298.09,60162.65
80,884,person,734.35,373.93,191.84,467.86,734.35,373.93,89754.41
81,972,person,742.6,298.27,183.19,329.77,742.6,298.27,60409.93
81,884,person,744.37,371.45,190.84,468.56,744.37,371.45,89420.91
82,972,person,745.22,294.45,179.7,324.78,745.22,294.45,58363.45
82,963,carton,877.08,216.77,153.99,144.7,877.08,216.77,22282.85
83,972,person,749.88,292.68,181.26,330.59,749.88,292.68,59923.24
84,972,person,753.53,292.49,181.23,333.68,753.53,292.49,60473.32
84,963,carton,879.58,215.92,152.78,145.6,879.58,215.92,22244.8
85,972,person,757.6,295.42,184.82,345.04,757.6,295.42,63769.48
85,884,person,769.45,350.55,183.16,445.18,769.45,350.55,81539.71
86,972,person,762.48,303.53,191.7,364.33,762.48,303.53,69843.81
87,972,person,766.74,302.93,190.72,369.01,766.74,302.93,70376.41
88,972,person,774.54,305.05,190.56,378.29,774.54,305.05,72085.76
89,972,person,778.12,310.32,192.06,391.45,778.12,310.32,75183.05
90,972,person,778.3,311.09,188.66,392.43,778.3,311.09,74035.47
91,972,person,779.09,312.06,185.73,393.37,779.09,312.06,73059.52
95,972,person,789.72,289.98,170.68,364.26,789.72,289.98,62170.82
96,972,person,791.89,257.66,145.19,301.63,791.89,257.66,43793.36
97,972,person,794.33,251.15,142.33,290.2,794.33,251.15,41303.82
98,972,person,795.8,226.36,124.04,241.03,795.8,226.36,29896.58
99,972,person,797.58,218.01,120.31,224.36,797.58,218.01,26993.84
99,987,person,795.47,268.86,150.86,322.23,795.47,268.86,48610.77
100,987,person,797.86,228.03,116.56,246.44,797.86,228.03,28726.33
101,989,carton,740.62,87.66,222.82,174.14,740.62,87.66,38801.89
101,972,person,800.42,214.2,125.78,224.93,800.42,214.2,28292.75
102,989,carton,743.7,83.65,212.08,165.39,743.7,83.65,35076.05
102,991,carton,928.59,68.66,143.01,131.59,928.59,68.66,18817.68
102,972,person,803.22,212.18,133.36,229.56,803.22,212.18,30614.91
103,972,person,807.48,206.45,139.03,231.39,807.48,206.45,32171.2
104,972,person,818.86,198.08,139.69,229.21,818.86,198.08,32017.78
105,972,person,831.17,194.2,139.23,228.68,831.17,194.2,31839.36
106,972,person,827.06,192.32,140.23,226.07,827.06,192.32,31702.12
106,994,person,587.37,144.32,133.76,94.1,587.37,144.32,12587.25
107,972,person,832.33,192.41,139.94,225.42,832.33,192.41,31546.29
107,994,person,588.54,145.09,132.62,93.24,588.54,145.09,12365.58
108,972,person,824.66,193.7,143.35,226.45,824.66,193.7,32460.73
108,994,person,589.55,145.95,132.11,92.71,589.55,145.95,12248.41
109,972,person,818.83,194.98,146.88,227.16,818.83,194.98,33364.67
109,994,person,591.05,148.53,133.79,93.82,591.05,148.53,12551.87
110,972,person,824.19,195.1,146.93,226.37,824.19,195.1,33260.81
111,972,person,823.37,194.19,148.13,225.71,823.37,194.19,33434.5
112,972,person,823.52,192.76,148.68,224.2,823.52,192.76,33335.02
113,972,person,830.99,190.07,148.82,225.41,830.99,190.07,33545.36
113,996,carton,960.29,475.81,223.8,182.99,960.29,475.81,40953.11
114,972,person,834.75,187.62,149.39,227.71,834.75,187.62,34016.21
114,996,carton,961.55,475.12,224.65,183.69,961.55,475.12,41265.18
115,972,person,835.95,185.09,149.33,228.94,835.95,185.09,34187.13
115,996,carton,962.19,475.38,225.17,184.0,962.19,475.38,41430.72
115,997,person,797.85,344.72,168.3,351.35,797.85,344.72,59131.52
116,972,person,834.24,183.31,150.93,232.3,834.24,183.31,35060.66
116,996,carton,963.57,476.11,225.95,184.51,963.57,476.11,41689.7
116,997,person,795.76,348.33,171.51,358.1,795.76,348.33,61418.79
117,972,person,834.5,181.16,153.25,237.16,834.5,181.16,36345.13
117,996,carton,966.02,476.31,228.11,186.1,966.02,476.31,42452.59
117,997,person,794.57,349.44,174.54,364.54,794.57,349.44,63626.29
118,972,person,834.84,176.39,154.57,240.62,834.84,176.39,37191.26
118,996,carton,970.67,474.51,233.12,190.22,970.67,474.51,44342.5
118,997,person,794.57,346.48,177.01,369.91,794.57,346.48,65477.91
119,972,person,836.16,170.73,154.51,241.74,836.16,170.73,37351.34
119,996,carton,975.18,473.35,236.36,192.81,975.18,473.35,45573.58
119,997,person,794.94,340.78,178.88,373.86,794.94,340.78,66876.01
120,972,person,837.81,166.65,155.51,244.96,837.81,166.65,38092.57
120,996,carton,979.75,472.36,239.22,195.09,979.75,472.36,46670.79
120,997,person,796.94,339.16,181.99,380.9,796.94,339.16,69320.68
121,972,person,838.55,163.89,155.73,246.91,838.55,163.89,38451.08
121,996,carton,982.8,471.51,241.73,197.18,982.8,471.51,47663.79
121,997,person,798.39,340.5,185.2,388.36,798.39,340.5,71923.34
122,972,person,837.89,163.52,156.18,249.41,837.89,163.52,38954.14
122,996,carton,983.42,471.68,243.25,198.62,983.42,471.68,48315.29
122,997,person,799.19,341.61,185.36,389.08,799.19,341.61,72122.11
123,972,person,836.16,165.28,156.76,251.63,836.16,165.28,39445.24
123,996,pallet,983.51,473.13,244.98,200.08,983.51,473.13,49015.92
123,997,person,797.79,343.17,184.94,388.48,797.79,343.17,71846.41
124,972,person,832.01,170.27,157.9,254.47,832.01,170.27,40180.44
124,996,carton,979.46,480.08,246.2,201.59,979.46,480.08,49632.31
124,997,person,796.51,347.08,183.87,386.89,796.51,347.08,71139.84
124,1004,pallet,979.12,480.65,248.81,203.05,979.12,480.65,50520.49
125,972,person,828.0,176.91,156.45,252.37,828.0,176.91,39483.53
125,996,pallet,977.63,486.24,247.06,202.54,977.63,486.24,50038.88
125,997,person,780.48,348.81,191.0,397.89,780.48,348.81,75996.23
125,1004,carton,975.85,487.67,247.37,201.95,975.85,487.67,49957.11
126,972,person,817.67,181.95,156.1,249.68,817.67,181.95,38975.76
126,997,person,784.39,357.43,188.7,393.06,784.39,357.43,74171.96
127,972,person,805.13,187.87,157.4,247.03,805.13,187.87,38881.71
127,997,person,771.6,358.01,194.75,401.38,771.6,358.01,78167.7
127,996,carton,970.12,497.32,245.96,202.08,970.12,497.32,49703.02
128,972,person,798.1,196.39,160.06,246.97,798.1,196.39,39529.85
128,997,person,776.24,366.06,191.88,395.87,776.24,366.06,75958.74
128,996,carton,966.23,503.22,241.82,198.9,966.23,503.22,48096.78
128,991,carton,954.77,62.53,136.61,120.54,954.77,62.53,16467.41
129,972,person,806.86,203.44,158.56,245.95,806.86,203.44,38999.51
129,997,person,775.43,376.62,187.01,386.04,775.43,376.62,72195.03
129,996,carton,963.43,509.03,239.34,197.18,963.43,509.03,47194.26
129,991,carton,953.6,63.79,141.97,122.69,953.6,63.79,17417.79
130,972,person,808.81,208.87,157.46,245.54,808.81,208.87,38663.43
130,997,person,775.55,382.22,184.34,380.89,775.55,382.22,70211.72
130,996,carton,962.12,514.17,238.91,197.14,962.12,514.17,47097.68
130,991,carton,951.6,65.62,148.3,127.28,951.6,65.62,18874.82
130,1007,person,600.86,232.0,128.56,178.84,600.86,232.0,22992.11
131,972,person,810.39,211.69,157.33,246.25,810.39,211.69,38741.68
131,997,person,775.8,385.75,181.37,375.58,775.8,385.75,68117.22
131,996,carton,961.8,517.21,238.96,197.62,961.8,517.21,47221.72
131,991,carton,951.51,66.59,151.81,129.9,951.51,66.59,19720.14
131,1007,person,598.02,232.9,127.67,178.23,598.02,232.9,22754.48
132,972,person,811.22,211.37,156.79,246.44,811.22,211.37,38640.19
132,997,person,776.83,386.52,181.37,376.25,776.83,386.52,68241.09
132,996,carton,963.18,517.78,239.03,197.93,963.18,517.78,47310.95
132,991,carton,952.18,66.39,150.78,127.98,952.18,66.39,19297.43
132,1007,person,597.74,233.39,127.7,179.17,597.74,233.39,22878.53
133,972,person,812.27,211.47,158.04,250.01,812.27,211.47,39511.97
133,997,person,775.75,385.32,183.26,380.01,775.75,385.32,69640.28
133,996,carton,965.64,516.89,240.9,199.63,965.64,516.89,48090.7
133,991,carton,953.55,65.2,149.22,125.47,953.55,65.2,18722.22
134,972,person,812.83,211.73,161.59,257.49,812.83,211.73,41607.94
134,997,person,773.67,385.05,185.69,383.87,773.67,385.05,71280.95
134,996,carton,967.93,516.55,242.98,201.43,967.93,516.55,48943.83
134,991,carton,955.35,63.95,148.67,123.4,955.35,63.95,18346.09
135,972,person,812.35,210.18,162.98,261.51,812.35,210.18,42620.26
135,997,person,772.2,384.48,188.01,387.61,772.2,384.48,72871.88
135,996,carton,969.01,516.28,245.41,203.6,969.01,516.28,49966.24
135,991,carton,956.28,62.96,148.25,121.53,956.28,62.96,18016.31
135,1012,person,368.59,392.01,119.08,254.54,368.59,392.01,30310.07
136,972,person,811.12,208.18,162.6,261.86,811.12,208.18,42577.44
136,997,person,772.52,386.99,190.55,393.75,772.52,386.99,75030.87
136,996,carton,968.5,517.35,246.21,204.4,968.5,517.35,50327.08
136,991,carton,955.45,62.45,148.19,120.16,955.45,62.45,17806.37
136,1012,person,371.39,394.13,117.83,251.28,371.39,394.13,29608.13
136,1013,person,552.0,207.14,153.36,170.91,552.0,207.14,26211.72
137,972,person,809.32,208.28,160.18,258.71,809.32,208.28,41439.41
137,997,person,768.2,392.66,193.16,399.34,768.2,392.66,77138.19
137,996,carton,967.82,519.08,248.58,206.75,967.82,519.08,51392.64
137,991,carton,953.94,63.32,150.18,120.86,953.94,63.32,18150.82
137,1012,person,367.21,400.66,114.34,243.2,367.21,400.66,27806.29
137,1013,person,549.44,208.37,145.65,162.12,549.44,208.37,23612.25
138,972,person,805.54,211.26,157.7,254.93,805.54,211.26,40202.87
138,997,person,766.32,395.04,191.88,396.9,766.32,395.04,76158.75
138,996,carton,965.71,523.55,249.28,207.67,965.71,523.55,51767.14
138,991,carton,950.85,65.45,156.01,125.37,950.85,65.45,19558.42
138,1012,person,360.55,406.58,118.56,252.27,360.55,406.58,29909.92
138,1013,person,547.83,213.21,145.92,161.87,547.83,213.21,23620.9
138,1014,carton,742.12,89.24,273.42,174.92,742.12,89.24,47827.2
139,972,person,801.01,216.05,156.66,253.32,801.01,216.05,39686.79
139,997,person,760.35,402.1,193.63,399.65,760.35,402.1,77386.27
139,996,carton,962.65,529.94,247.19,205.99,962.65,529.94,50920.1
139,991,carton,943.69,69.82,165.36,132.65,943.69,69.82,21934.13
139,1012,person,354.47,410.32,118.52,252.5,354.47,410.32,29926.96
139,1013,person,543.68,216.65,134.48,147.9,543.68,216.65,19889.59
140,972,person,797.81,224.42,160.34,260.32,797.81,224.42,41739.25
140,997,person,759.52,410.41,193.36,400.34,759.52,410.41,77409.59
140,996,carton,958.83,535.85,246.42,205.79,958.83,535.85,50710.79
140,1012,person,347.83,417.27,116.86,249.78,347.83,417.27,29190.44
140,1013,person,540.06,220.14,134.54,146.96,540.06,220.14,19772.81
141,972,person,795.17,235.23,166.18,272.44,795.17,235.23,45274.59
141,997,person,756.99,414.57,192.48,399.32,756.99,414.57,76861.01
141,996,carton,956.52,541.22,247.81,207.48,956.52,541.22,51413.66
141,1012,person,345.52,421.59,116.39,248.89,345.52,421.59,28968.38
141,1013,person,538.05,225.88,133.44,144.63,538.05,225.88,19299.39
141,1014,carton,734.47,95.43,292.1,187.9,734.47,95.43,54886.56
141,991,carton,940.29,74.95,176.87,143.5,940.29,74.95,25381.12
142,972,person,793.7,240.57,166.87,275.73,793.7,240.57,46009.95
142,997,person,754.96,421.33,193.71,402.88,754.96,421.33,78042.59
142,996,carton,954.55,545.93,248.2,208.2,954.55,545.93,51673.59
142,1012,person,341.91,455.4,140.45,305.45,341.91,455.4,42899.63
142,1013,person,536.84,234.45,140.19,151.16,536.84,234.45,21191.12
142,1014,carton,730.66,96.28,294.12,190.36,730.66,96.28,55988.79
142,991,carton,938.23,76.72,178.05,145.95,938.23,76.72,25986.55
143,972,person,792.12,243.8,166.1,276.42,792.12,243.8,45913.96
143,997,person,753.83,428.45,194.52,405.59,753.83,428.45,78896.26
143,996,carton,953.49,550.16,248.97,209.19,953.49,550.16,52082.06
143,1012,person,341.72,448.18,125.39,271.18,341.72,448.18,34002.45
143,1013,person,535.8,243.97,150.92,162.88,535.8,243.97,24582.61
143,1014,carton,729.43,98.59,297.3,193.93,729.43,98.59,57654.9
143,991,carton,936.99,78.36,179.44,148.48,936.99,78.36,26643.76
144,972,person,792.84,241.35,160.58,267.79,792.84,241.35,43003.52
144,997,person,751.6,431.18,194.38,404.32,751.6,431.18,78593.66
144,996,carton,955.56,553.76,250.58,211.04,955.56,553.76,52882.17
144,1012,person,343.1,445.88,119.24,255.81,343.1,445.88,30503.2
144,1013,person,535.62,247.16,152.03,163.69,535.62,247.16,24886.32
144,991,carton,937.56,79.32,179.06,149.43,937.56,79.32,26758.41
145,972,person,795.25,244.05,157.78,262.93,795.25,244.05,41484.37
145,997,person,756.63,434.18,193.02,402.14,756.63,434.18,77621.07
145,996,carton,959.33,558.35,250.6,211.26,959.33,558.35,52942.77
145,1012,person,345.4,448.24,116.26,246.81,345.4,448.24,28693.4
145,1013,person,538.0,250.95,149.1,159.7,538.0,250.95,23811.63
145,991,carton,940.25,81.15,179.91,151.62,940.25,81.15,27276.99
145,1014,carton,730.75,100.67,299.32,197.2,730.75,100.67,59025.86
146,972,person,800.59,247.48,156.75,261.51,800.59,247.48,40992.24
146,997,person,764.69,437.06,190.8,397.72,764.69,437.06,75886.52
146,996,carton,968.54,565.22,251.96,212.34,968.54,565.22,53500.33
146,1012,person,347.09,451.01,115.4,244.54,347.09,451.01,28218.65
146,1013,person,541.44,260.83,156.91,167.73,541.44,260.83,26318.38
147,972,person,809.66,253.2,159.19,265.82,809.66,253.2,42315.83
147,997,person,775.26,439.02,190.87,398.85,775.26,439.02,76126.57
147,996,carton,977.84,570.24,254.39,214.93,977.84,570.24,54674.94
147,1012,person,354.16,456.45,115.04,243.34,354.16,456.45,27993.23
147,1013,person,548.46,270.32,164.07,175.92,548.46,270.32,28864.05
147,991,carton,955.64,86.84,181.43,154.65,955.64,86.84,28057.57
148,972,person,819.7,258.53,163.1,273.5,819.7,258.53,44608.4
148,997,person,784.58,440.86,191.02,399.82,784.58,440.86,76373.55
148,996,carton,989.26,575.65,258.47,219.23,989.26,575.65,56664.8
148,1013,person,555.43,274.85,168.31,180.95,555.43,274.85,30455.52
148,1021,carton,961.09,225.74,160.79,160.06,961.09,225.74,25737.52
148,991,carton,966.67,88.1,181.23,155.85,966.67,88.1,28245.36
149,972,person,828.42,263.36,165.35,277.81,828.42,263.36,45934.6
149,997,person,792.01,447.79,193.59,403.71,792.01,447.79,78153.02
149,996,carton,1000.29,579.58,253.88,214.76,1000.29,579.58,54523.96
149,1013,person,561.41,276.91,170.54,183.88,561.41,276.91,31358.24
150,972,person,836.95,266.7,166.26,279.56,836.95,266.7,46479.07
150,997,person,798.84,454.69,195.29,406.42,798.84,454.69,79368.19
150,996,carton,1008.73,585.14,253.33,213.87,1008.73,585.14,54180.47
150,991,carton,984.48,95.1,182.94,158.53,984.48,95.1,29001.49
151,972,person,843.08,266.8,166.2,279.68,843.08,266.8,46483.29
151,997,person,808.45,459.6,196.77,410.3,808.45,459.6,80735.71
151,996,carton,1017.3,588.17,253.16,213.13,1017.3,588.17,53956.65
151,991,carton,993.4,93.94,183.84,160.64,993.4,93.94,29531.73
151,1021,carton,984.93,229.55,160.26,159.58,984.93,229.55,25573.34
152,972,person,848.61,269.99,171.54,290.3,848.61,269.99,49797.44
152,997,person,814.12,459.95,196.7,410.16,814.12,459.95,80678.97
152,996,carton,1025.3,590.88,257.73,216.44,1025.3,590.88,55781.8
152,991,carton,1000.78,90.31,184.48,162.08,1000.78,90.31,29900.7
152,1021,carton,992.24,228.95,162.78,162.21,992.24,228.95,26403.99
152,1013,person,562.33,288.47,177.34,191.37,562.33,288.47,33938.69
153,972,person,852.02,271.16,176.63,300.83,852.02,271.16,53135.07
153,997,person,817.29,460.7,197.11,410.95,817.29,460.7,81003.55
153,996,carton,1031.26,591.63,260.06,217.8,1031.26,591.63,56640.72
153,991,carton,1005.19,87.37,183.78,162.23,1005.19,87.37,29813.54
153,1021,carton,996.48,227.98,164.54,163.96,996.48,227.98,26978.34
153,1013,person,558.04,289.86,176.72,191.44,558.04,289.86,33831.76
154,972,person,854.28,268.46,180.69,310.0,854.28,268.46,56012.96
154,997,person,818.53,459.73,198.32,413.3,818.53,459.73,81967.59
154,996,carton,1035.32,589.55,258.07,215.04,1035.32,589.55,55495.54
154,991,carton,1007.94,84.93,181.96,161.15,1007.94,84.93,29324.19
154,1013,person,553.08,289.93,180.67,196.2,553.08,289.93,35446.52
155,972,person,854.94,264.81,183.44,316.99,854.94,264.81,58149.35
155,997,person,812.46,454.13,201.37,416.34,812.46,454.13,83837.72
155,991,carton,1009.44,81.23,177.38,156.82,1009.44,81.23,27817.65
155,1013,person,546.49,288.2,188.23,206.34,546.49,288.2,38838.78
156,972,person,854.72,263.04,185.0,322.33,854.72,263.04,59631.8
156,997,person,811.57,450.09,202.86,417.58,811.57,450.09,84708.29
156,991,carton,1008.73,79.15,173.77,153.18,1008.73,79.15,26617.89
157,972,person,853.87,262.98,184.46,323.63,853.87,262.98,59697.19
157,997,person,808.29,449.08,204.55,418.02,808.29,449.08,85504.9
157,991,carton,1007.64,78.81,173.31,152.6,1007.64,78.81,26447.54
158,972,person,852.44,267.02,182.28,321.9,852.44,267.02,58674.81
158,997,person,808.58,454.01,203.81,415.85,808.58,454.01,84754.66
158,991,carton,1005.79,82.2,177.78,156.85,1005.79,82.2,27885.64
159,972,person,849.25,269.64,176.48,312.15,849.25,269.64,55088.37
159,997,person,807.42,461.25,204.17,415.14,807.42,461.25,84760.68
160,972,person,846.55,275.29,174.18,309.25,846.55,275.29,53865.36
160,997,person,808.89,471.7,205.97,419.86,808.89,471.7,86477.46
161,972,person,842.56,279.71,170.15,301.77,842.56,279.71,51344.6
162,972,person,839.36,280.53,165.58,291.86,839.36,280.53,48326.39
162,997,person,802.31,475.76,209.5,425.97,802.31,475.76,89240.61
163,972,person,837.33,280.44,162.05,282.63,837.33,280.44,45800.92
163,997,person,800.02,473.03,208.23,421.95,800.02,473.03,87861.82
164,972,person,838.61,281.27,161.97,280.44,838.61,281.27,45422.88
164,997,person,802.84,477.22,213.87,435.87,802.84,477.22,93220.84
165,972,person,840.66,281.16,163.16,281.83,840.66,281.16,45983.04
166,972,person,843.54,281.3,164.33,284.3,843.54,281.3,46719.21
166,997,person,808.97,460.83,214.79,440.46,808.97,460.83,94608.2
167,972,person,846.12,278.99,164.21,284.33,846.12,278.99,46690.61
168,972,person,848.72,278.85,168.03,292.24,848.72,278.85,49104.42
169,972,person,851.06,275.55,170.78,298.37,851.06,275.55,50955.99
169,991,carton,1000.53,92.2,182.53,163.34,1000.53,92.2,29814.52
170,972,person,852.23,273.32,172.4,302.52,852.23,273.32,52153.82
170,991,carton,1000.02,89.94,180.09,162.48,1000.02,89.94,29260.69
171,972,person,852.56,272.39,173.43,305.73,852.56,272.39,53022.53
171,991,carton,1000.42,89.1,179.01,162.55,1000.42,89.1,29098.14
171,997,person,808.62,461.26,200.36,404.54,808.62,461.26,81051.87
172,972,person,852.52,273.46,174.24,308.6,852.52,273.46,53770.12
172,991,carton,1000.15,88.69,177.89,162.24,1000.15,88.69,28862.05
173,972,person,851.79,273.89,173.59,308.63,851.79,273.89,53576.06
174,972,person,850.69,275.53,173.0,308.79,850.69,275.53,53419.45
175,972,person,849.84,276.31,170.92,305.82,849.84,276.31,52269.76
176,972,person,849.57,277.17,169.45,303.94,849.57,277.17,51501.08
176,991,carton,997.02,95.11,175.99,161.34,997.02,95.11,28392.93
177,972,person,849.8,277.61,168.66,302.97,849.8,277.61,51096.79
177,991,carton,996.81,95.92,175.27,161.42,996.81,95.92,28292.05
178,972,person,849.99,277.32,168.47,302.84,849.99,277.32,51018.39
178,991,carton,996.56,96.17,174.49,161.34,996.56,96.17,28151.46
179,972,person,849.92,277.76,168.03,302.24,849.92,277.76,50784.55
179,991,carton,996.18,97.22,174.43,161.9,996.18,97.22,28239.52
180,972,person,850.54,278.1,168.65,303.68,850.54,278.1,51214.74
180,991,carton,996.14,96.88,173.18,161.17,996.14,96.88,27910.8
180,1027,person,1023.53,584.71,266.38,219.91,1023.53,584.71,58580.92
181,972,person,851.89,277.16,169.2,305.23,851.89,277.16,51644.66
181,991,carton,997.08,94.99,173.15,161.58,997.08,94.99,27978.6
181,1027,person,1002.74,579.84,277.25,229.85,1002.74,579.84,63725.63
182,972,person,853.13,274.67,167.52,302.2,853.13,274.67,50625.2
182,991,carton,998.12,93.84,173.32,162.16,998.12,93.84,28105.96
183,972,person,853.89,273.03,166.26,299.97,853.89,273.03,49874.3
183,991,carton,998.87,92.88,173.24,162.59,998.87,92.88,28167.31
183,1027,person,966.16,573.33,283.32,237.99,966.16,573.33,67424.91
184,972,person,854.28,272.21,165.61,298.83,854.28,272.21,49488.84
184,991,carton,999.4,91.77,172.4,162.21,999.4,91.77,27964.46
185,972,person,855.12,273.75,165.85,299.31,855.12,273.75,49639.92
185,991,carton,999.26,92.68,171.68,161.94,999.26,92.68,27801.77
185,1031,person,506.51,217.77,136.4,140.59,506.51,217.77,19176.89
186,972,person,853.56,274.69,164.52,296.46,853.56,274.69,48773.05
186,991,carton,998.49,96.25,172.09,162.63,998.49,96.25,27987.79
187,972,person,852.05,279.51,166.15,298.6,852.05,279.51,49612.24
188,972,person,849.42,284.85,167.65,301.15,849.42,284.85,50486.86
188,991,carton,994.39,100.82,169.13,160.05,994.39,100.82,27069.56
189,972,person,846.26,287.21,167.72,300.07,846.26,287.21,50327.62
189,991,carton,992.25,102.96,168.81,159.92,992.25,102.96,26996.1
190,972,person,840.98,289.11,169.0,299.61,840.98,289.11,50634.19
190,991,carton,991.06,105.46,169.13,160.1,991.06,105.46,27078.44
190,1027,person,864.3,566.02,307.02,265.87,864.3,566.02,81625.56
191,972,person,841.07,288.75,166.59,293.78,841.07,288.75,48940.17
191,1027,person,859.22,568.47,295.41,262.82,859.22,568.47,77638.7
192,972,person,840.17,290.81,167.5,294.73,840.17,290.81,49366.58
193,972,person,840.05,295.11,171.31,301.89,840.05,295.11,51715.09
193,1027,person,844.55,561.2,269.02,245.95,844.55,561.2,66166.82
194,972,person,838.82,297.54,172.69,304.38,838.82,297.54,52563.81
195,972,person,837.52,289.19,166.63,291.34,837.52,289.19,48546.07
196,972,person,836.24,284.28,163.87,283.93,836.24,284.28,46527.68
196,1047,carton,482.65,440.07,166.01,189.31,482.65,440.07,31426.33
196,1031,person,494.35,240.07,163.54,172.46,494.35,240.07,28203.96
196,1027,person,817.57,563.24,245.15,229.88,817.57,563.24,56356.04
197,972,person,835.54,283.09,163.61,281.27,835.54,283.09,46018.57
197,1047,carton,481.73,440.98,163.43,186.2,481.73,440.98,30430.83
197,1049,carton,979.45,250.54,157.55,168.99,979.45,250.54,26623.96
197,1031,person,494.33,237.48,154.26,165.18,494.33,237.48,25479.94
197,997,person,800.16,472.41,203.89,397.6,800.16,472.41,81066.23
198,972,person,835.04,283.95,165.22,281.99,835.04,283.95,46590.24
198,1047,carton,480.21,441.38,162.6,185.04,480.21,441.38,30088.31
198,1049,carton,980.25,251.42,155.59,166.8,980.25,251.42,25952.42
198,1031,person,493.56,240.61,153.72,167.75,493.56,240.61,25785.5
198,997,person,800.25,475.78,209.15,401.91,800.25,475.78,84060.11
198,991,carton,984.74,113.28,166.79,157.8,984.74,113.28,26318.18
199,972,person,834.55,282.58,165.5,279.78,834.55,282.58,46305.18
199,1047,carton,481.35,442.12,162.25,184.27,481.35,442.12,29897.81
199,1031,person,493.46,236.9,144.61,159.12,493.46,236.9,23009.43
199,1027,person,794.89,545.96,252.86,242.81,794.89,545.96,61395.95
200,972,person,832.33,280.78,166.26,277.67,832.33,280.78,46164.99
200,1047,carton,479.41,442.31,162.06,183.5,479.41,442.31,29738.11
200,1031,person,494.61,246.29,155.35,174.09,494.61,246.29,27043.43
200,1049,carton,979.7,251.23,157.06,168.38,979.7,251.23,26444.98
201,972,person,828.84,279.51,168.33,276.26,828.84,279.51,46502.05
202,972,person,827.26,277.25,168.63,271.71,827.26,277.25,45820.21
203,972,person,826.22,275.26,169.35,267.65,826.22,275.26,45325.5
204,972,person,827.3,275.25,172.28,269.31,827.3,275.25,46396.05
205,972,person,828.36,273.99,173.56,269.16,828.36,273.99,46716.3
206,972,person,828.09,271.92,173.32,266.47,828.09,271.92,46183.39
206,1031,person,496.71,261.87,179.14,208.22,496.71,261.87,37300.49
207,972,person,829.48,270.84,173.25,264.5,829.48,270.84,45825.18
207,1031,person,497.31,263.71,175.74,210.32,497.31,263.71,36960.51
208,972,person,830.95,272.8,177.4,270.35,830.95,272.8,47959.17
209,972,person,831.89,270.63,177.47,269.28,831.89,270.63,47790.3
209,991,carton,993.84,106.96,165.53,157.02,993.84,106.96,25990.65
209,1031,person,499.97,262.38,174.7,215.16,499.97,262.38,37588.32
210,972,person,831.83,267.79,176.38,265.78,831.83,267.79,46877.29
210,1055,carton,1029.61,586.46,252.57,209.02,1029.61,586.46,52791.52
210,991,carton,995.31,105.32,166.71,158.57,995.31,105.32,26435.32
211,972,person,833.33,267.4,176.99,266.18,833.33,267.4,47109.74
211,1055,carton,1030.43,585.62,251.73,208.32,1030.43,585.62,52440.1
211,991,carton,996.78,104.73,166.83,158.93,996.78,104.73,26513.71
212,972,person,836.92,266.8,177.49,267.73,836.92,266.8,47518.55
212,1055,carton,1032.58,583.89,251.48,208.06,1032.58,583.89,52322.74
212,991,carton,998.68,103.33,166.7,159.05,998.68,103.33,26513.0
213,972,person,838.77,265.64,177.1,267.79,838.77,265.64,47424.79
213,1055,carton,1033.66,581.53,250.23,206.88,1033.66,581.53,51766.5
213,991,carton,999.4,101.97,167.29,159.16,999.4,101.97,26626.89
213,1049,carton,993.03,237.06,155.83,165.13,993.03,237.06,25731.65
214,972,person,837.98,264.88,177.42,268.14,837.98,264.88,47574.39
214,1055,carton,1034.54,579.96,250.6,206.98,1034.54,579.96,51869.72
215,972,person,837.1,264.82,178.32,269.23,837.1,264.82,48010.55
215,1055,carton,1035.44,579.17,251.28,207.32,1035.44,579.17,52094.61
216,972,person,837.28,264.93,180.29,271.93,837.28,264.93,49025.52
216,1055,carton,1035.99,578.55,252.85,208.47,1035.99,578.55,52711.54
217,972,person,842.97,265.22,181.74,276.97,842.97,265.22,50336.11
217,1055,carton,1037.95,578.23,254.83,210.28,1037.95,578.23,53586.34
217,997,person,830.18,458.26,202.32,382.68,830.18,458.26,77424.73
217,1031,person,533.45,300.79,228.19,292.3,533.45,300.79,66699.53
217,991,carton,1005.52,98.75,166.58,158.44,1005.52,98.75,26392.45
217,1049,carton,999.05,236.88,159.69,169.16,999.05,236.88,27013.0
218,972,person,845.94,265.95,181.73,279.86,845.94,265.95,50857.82
218,1055,carton,1038.8,577.88,256.08,211.36,1038.8,577.88,54126.3
218,1059,person,749.13,483.61,284.95,388.9,749.13,483.61,110815.15
218,997,person,831.54,458.61,204.52,384.41,831.54,458.61,78620.41
218,1031,person,533.86,300.02,227.06,301.78,533.86,300.02,68524.53
218,991,carton,1006.21,98.39,166.79,158.54,1006.21,98.39,26444.04
218,1049,carton,1000.52,237.46,160.71,170.23,1000.52,237.46,27357.68
219,972,person,847.27,264.27,178.54,277.11,847.27,264.27,49475.84
219,1055,carton,1039.49,577.05,256.3,211.45,1039.49,577.05,54195.12
219,1059,person,755.97,479.22,287.95,392.89,755.97,479.22,113133.62
219,997,person,832.18,456.87,204.39,380.78,832.18,456.87,77826.47
219,1031,person,536.95,300.22,224.76,306.23,536.95,300.22,68828.48
219,991,carton,1006.04,97.91,168.01,159.4,1006.04,97.91,26779.52
219,1049,carton,1001.28,236.86,160.43,169.9,1001.28,236.86,27257.44
220,972,person,848.19,263.08,176.98,276.65,848.19,263.08,48961.18
220,1055,carton,1040.3,575.78,260.32,215.05,1040.3,575.78,55981.37
220,1059,person,761.64,473.09,286.17,389.91,761.64,473.09,111582.11
220,997,person,833.07,457.11,205.61,381.26,833.07,457.11,78391.87
220,1031,person,536.9,300.23,223.24,311.81,536.9,300.23,69607.9
220,991,carton,1005.49,96.93,169.39,159.93,1005.49,96.93,27091.55
220,1049,carton,1001.89,235.41,160.81,170.04,1001.89,235.41,27342.93
221,972,person,848.66,262.12,176.74,278.19,848.66,262.12,49166.79
221,1055,carton,1040.92,575.44,260.87,215.8,1040.92,575.44,56294.52
221,1059,person,755.62,469.61,283.76,386.8,755.62,469.61,109758.42
221,997,person,834.42,456.78,205.3,379.39,834.42,456.78,77890.9
221,1031,person,540.58,299.59,225.44,318.55,540.58,299.59,71814.17
221,991,carton,1008.33,94.88,168.7,159.2,1008.33,94.88,26857.94
221,1049,carton,1002.54,234.72,163.03,172.64,1002.54,234.72,28145.01
222,972,person,849.37,261.37,175.44,277.67,849.37,261.37,48713.94
222,1055,carton,1041.56,575.3,260.7,215.99,1041.56,575.3,56309.59
222,1059,person,756.01,468.53,282.08,384.74,756.01,468.53,108525.55
222,997,person,835.42,456.28,204.74,377.48,835.42,456.28,77286.69
222,1031,person,542.31,298.17,223.26,319.73,542.31,298.17,71382.8
222,991,carton,1009.78,93.82,168.51,158.97,1009.78,93.82,26787.77
222,1049,carton,1003.56,234.23,164.24,174.04,1003.56,234.23,28584.08
223,972,person,850.48,261.98,176.91,281.87,850.48,261.98,49863.57
223,1055,carton,1042.69,573.92,261.23,216.96,1042.69,573.92,56677.4
223,1059,person,739.11,472.3,271.13,373.79,739.11,472.3,101344.15
223,997,person,838.09,455.2,203.78,376.1,838.09,455.2,76643.34
223,1031,person,542.64,296.62,219.81,319.69,542.64,296.62,70271.7
223,991,carton,1012.54,91.55,168.94,159.66,1012.54,91.55,26972.59
223,1049,carton,1004.78,232.86,164.26,174.08,1004.78,232.86,28595.18
224,972,person,851.85,260.81,177.18,283.55,851.85,260.81,50238.24
224,1055,carton,1043.72,572.11,261.66,217.86,1043.72,572.11,57006.8
224,1059,person,736.78,472.52,266.2,371.14,736.78,472.52,98798.93
224,997,person,832.31,455.5,207.29,377.64,832.31,455.5,78279.52
224,1031,person,548.1,295.73,221.98,325.64,548.1,295.73,72285.13
225,972,person,853.58,258.22,179.04,287.98,853.58,258.22,51559.67
225,1055,carton,1045.1,569.84,261.44,218.14,1045.1,569.84,57030.42
225,1059,person,738.12,471.41,264.31,372.71,738.12,471.41,98510.01
225,997,person,802.63,459.9,224.84,388.31,802.63,459.9,87307.76
225,1031,person,547.11,292.62,218.26,323.8,547.11,292.62,70671.59
226,972,person,855.64,257.12,180.3,291.53,855.64,257.12,52562.36
226,1055,carton,1047.1,567.42,261.42,218.8,1047.1,567.42,57200.33
226,997,person,789.3,458.05,236.4,396.25,789.3,458.05,93673.48
226,1031,person,543.72,292.25,219.86,328.83,543.72,292.25,72295.63
227,972,person,858.7,253.91,178.52,289.99,858.7,253.91,51769.37
227,1055,carton,1050.24,562.96,255.12,213.39,1050.24,562.96,54441.3
227,997,person,783.09,456.04,245.1,403.11,783.09,456.04,98804.18
227,1031,person,558.34,292.94,210.87,324.23,558.34,292.94,68368.7
227,1064,person,855.03,445.16,193.12,381.78,855.03,445.16,73730.16
227,991,carton,1022.98,83.22,165.27,156.05,1022.98,83.22,25789.56
228,972,person,861.35,250.09,177.39,288.95,861.35,250.09,51256.8
228,997,person,763.65,453.95,243.59,406.23,763.65,453.95,98954.16
228,1031,person,553.35,287.51,212.95,327.71,553.35,287.51,69787.53
228,1064,person,858.45,441.89,192.19,380.16,858.45,441.89,73062.05
229,972,person,862.29,249.11,176.2,288.27,862.29,249.11,50793.85
229,997,person,782.79,452.5,251.54,412.04,782.79,452.5,103644.63
229,1031,person,547.24,284.77,212.51,329.08,547.24,284.77,69933.12
229,1064,person,860.93,443.99,194.55,385.58,860.93,443.99,75014.16
229,1055,carton,1054.29,558.89,253.4,212.03,1054.29,558.89,53728.43
229,991,carton,1026.86,80.27,162.99,153.45,1026.86,80.27,25011.65
230,972,person,863.16,249.01,175.36,288.26,863.16,249.01,50548.76
230,997,person,792.87,451.18,259.23,417.51,792.87,451.18,108229.62
230,1031,person,545.62,284.93,212.22,333.17,545.62,284.93,70704.66
230,1064,person,862.2,444.45,194.84,387.26,862.2,444.45,75452.68
230,991,carton,1027.93,80.09,163.69,153.72,1027.93,80.09,25161.58
231,972,person,863.65,249.47,173.57,286.76,863.65,249.47,49773.7
231,997,person,797.03,450.16,265.58,422.24,797.03,450.16,112138.51
231,1031,person,548.04,283.85,209.26,332.41,548.04,283.85,69559.16
231,991,carton,1028.48,80.21,164.31,154.05,1028.48,80.21,25311.17
231,1055,carton,1056.0,558.51,253.73,212.55,1056.0,558.51,53929.72
232,972,person,863.8,249.78,172.67,287.11,863.8,249.78,49574.59
232,997,person,800.1,449.19,270.63,425.44,800.1,449.19,115137.95
232,1031,person,552.77,282.98,207.4,331.25,552.77,282.98,68701.51
232,991,carton,1028.44,79.84,164.08,153.67,1028.44,79.84,25214.71
232,1055,carton,1056.39,558.48,254.43,213.44,1056.39,558.48,54305.2
233,972,person,863.92,250.29,172.36,288.64,863.92,250.29,49748.86
233,997,person,802.13,447.27,274.73,427.44,802.13,447.27,117428.83
233,1031,person,548.09,282.76,204.4,330.86,548.09,282.76,67630.03
233,991,carton,1029.14,79.43,163.76,153.03,1029.14,79.43,25060.93
233,1055,carton,1057.35,558.68,254.11,213.31,1057.35,558.68,54204.34
234,972,person,864.55,247.96,170.64,287.38,864.55,247.96,49040.32
234,997,person,804.22,445.48,277.45,428.37,804.22,445.48,118850.34
234,1031,person,546.32,282.84,203.18,332.28,546.32,282.84,67511.8
234,991,carton,1030.25,78.61,162.22,151.02,1030.25,78.61,24498.96
234,1055,carton,1059.55,557.3,255.6,215.04,1059.55,557.3,54963.77
235,972,person,866.24,247.29,169.45,287.41,866.24,247.29,48700.09
235,997,person,804.78,443.82,280.6,430.66,804.78,443.82,120845.39
235,1031,person,542.96,282.5,202.79,337.87,542.96,282.5,68517.2
235,991,carton,1031.78,77.11,160.13,148.44,1031.78,77.11,23769.39
235,1055,carton,1059.58,554.82,256.79,216.87,1059.58,554.82,55689.55
235,1049,carton,1025.28,211.83,161.01,169.27,1025.28,211.83,27253.89
236,972,person,868.45,247.67,169.64,290.03,868.45,247.67,49199.93
236,997,person,804.05,442.52,280.89,430.94,804.05,442.52,121049.05
236,1031,person,549.27,280.53,199.13,335.7,549.27,280.53,66848.43
236,991,carton,1032.4,76.52,159.65,146.97,1032.4,76.52,23463.77
236,1055,carton,1061.39,554.05,255.26,215.84,1061.39,554.05,55095.97
237,972,person,870.31,247.41,169.2,291.55,870.31,247.41,49329.02
237,997,person,804.78,441.63,281.42,431.55,804.78,441.63,121448.53
237,1031,person,551.28,278.54,193.67,331.98,551.28,278.54,64294.47
237,991,carton,1033.79,76.05,160.12,146.48,1033.79,76.05,23454.92
237,1055,carton,1063.33,552.94,254.15,215.06,1063.33,552.94,54658.21
238,972,person,872.32,245.4,167.9,291.14,872.32,245.4,48882.91
238,997,person,810.01,438.63,280.75,429.77,810.01,438.63,120655.17
238,1031,person,554.3,273.69,191.24,333.12,554.3,273.69,63706.61
238,1055,carton,1065.32,550.72,254.35,215.54,1065.32,550.72,54822.23
238,1049,carton,1023.52,209.16,166.39,172.1,1023.52,209.16,28636.46
239,972,person,874.87,241.37,165.99,289.18,874.87,241.37,48000.56
239,997,person,814.7,433.29,281.83,430.69,814.7,433.29,121381.05
239,1031,person,557.67,270.42,189.12,334.81,557.67,270.42,63317.22
239,1055,carton,1067.21,547.47,253.31,214.34,1067.21,547.47,54294.93
240,972,person,876.85,238.75,166.1,291.26,876.85,238.75,48377.59
240,997,person,818.24,428.52,282.05,430.58,818.24,428.52,121444.98
240,1031,person,562.51,265.05,185.37,333.74,562.51,265.05,61866.45
240,1055,carton,1069.87,544.43,253.39,214.5,1069.87,544.43,54350.73
240,1049,carton,1031.18,202.62,166.44,172.28,1031.18,202.62,28674.34
241,972,person,878.9,236.63,164.86,290.76,878.9,236.63,47934.96
241,997,person,812.55,422.54,278.23,427.55,812.55,422.54,118958.66
241,1031,person,566.45,260.83,182.9,334.62,566.45,260.83,61201.92
241,1055,carton,1072.33,542.41,253.12,214.33,1072.33,542.41,54251.82
241,1049,carton,1035.14,200.12,165.99,171.95,1035.14,200.12,28542.83
241,1064,person,874.72,412.82,204.79,411.52,874.72,412.82,84274.07
241,991,carton,1042.55,72.32,151.95,136.4,1042.55,72.32,20725.99
242,972,person,880.27,234.14,162.96,288.34,880.27,234.14,46987.54
242,997,person,815.27,419.01,278.75,428.18,815.27,419.01,119353.71
242,1031,person,570.14,256.99,181.73,337.27,570.14,256.99,61291.29
242,1055,carton,1074.1,539.36,254.13,215.51,1074.1,539.36,54766.47
242,1049,carton,1038.62,196.52,165.32,171.56,1038.62,196.52,28360.68
242,991,carton,1046.89,70.22,149.7,132.23,1046.89,70.22,19794.55
243,972,person,881.44,231.67,160.99,285.57,881.44,231.67,45974.47
243,997,person,821.34,416.56,282.34,432.22,821.34,416.56,122032.38
243,1031,person,576.08,255.46,178.16,334.16,576.08,255.46,59535.35
243,1055,carton,1075.13,536.79,252.28,213.83,1075.13,536.79,53944.28
243,1049,carton,1041.17,193.09,165.66,172.42,1041.17,193.09,28563.73
243,991,carton,1050.16,68.34,148.82,129.37,1050.16,68.34,19252.67
244,972,person,882.45,229.02,159.69,283.86,882.45,229.02,45330.03
244,997,person,823.62,413.51,284.01,433.75,823.62,413.51,123187.34
244,1031,person,584.35,248.87,181.02,339.51,584.35,248.87,61459.59
244,1055,carton,1076.84,534.11,253.22,214.66,1076.84,534.11,54356.2
244,1049,carton,1042.59,189.34,165.34,172.71,1042.59,189.34,28555.04
244,991,carton,1052.33,66.19,147.16,125.87,1052.33,66.19,18523.39
245,972,person,883.56,227.26,158.98,283.1,883.56,227.26,45006.88
245,997,person,824.04,411.34,285.29,435.25,824.04,411.34,124171.56
245,1031,person,589.16,245.22,181.66,340.2,589.16,245.22,61798.46
245,1055,carton,1078.0,532.85,253.45,214.83,1078.0,532.85,54449.34
245,1049,carton,1043.0,187.16,166.35,174.29,1043.0,187.16,28992.37
245,991,carton,1054.37,64.46,147.3,124.12,1054.37,64.46,18283.12
246,972,person,883.99,225.09,158.3,282.04,883.99,225.09,44646.83
246,997,person,818.96,408.32,284.21,436.17,818.96,408.32,123962.37
246,1031,person,595.21,243.58,184.95,346.96,595.21,243.58,64171.4
246,1055,carton,1078.92,530.21,253.97,215.38,1078.92,530.21,54698.87
246,1049,carton,1045.1,184.88,166.84,175.5,1045.1,184.88,29279.85
246,991,carton,1056.1,62.54,146.11,121.2,1056.1,62.54,17708.22
247,972,person,883.95,224.02,158.8,282.63,883.95,224.02,44881.86
247,997,person,814.96,406.46,282.11,435.93,814.96,406.46,122979.68
247,1031,person,599.92,242.96,181.9,340.84,599.92,242.96,61998.6
247,1055,carton,1079.85,527.57,253.63,215.11,1079.85,527.57,54558.33
247,991,carton,1056.34,61.56,145.96,119.37,1056.34,61.56,17423.97
248,972,person,881.78,223.25,160.07,283.43,881.78,223.25,45369.02
248,997,person,810.79,404.47,279.99,436.93,810.79,404.47,122334.07
248,1031,person,602.36,241.83,178.29,335.68,602.36,241.83,59848.77
248,1055,carton,1080.81,525.21,254.35,215.82,1080.81,525.21,54894.18
248,991,carton,1057.21,60.78,145.94,117.58,1057.21,60.78,17160.6
248,1064,person,867.82,394.58,208.98,415.63,867.82,394.58,86859.66
249,972,person,881.96,221.64,161.52,285.11,881.96,221.64,46052.54
249,997,person,804.68,402.55,275.79,436.11,804.68,402.55,120274.14
249,1031,person,608.34,244.44,173.4,328.52,608.34,244.44,56966.27
249,1055,carton,1081.94,523.59,254.61,216.05,1081.94,523.59,55007.29
249,1064,person,878.21,384.83,202.36,406.53,878.21,384.83,82265.47
250,972,person,879.16,217.34,161.83,282.89,879.16,217.34,45781.32
250,997,person,806.0,400.54,273.52,437.0,806.0,400.54,119529.47
250,1031,person,611.12,240.84,169.43,324.4,611.12,240.84,54964.27
250,1055,carton,1082.9,521.61,254.92,216.44,1082.9,521.61,55174.49
250,1064,person,872.56,381.27,202.7,401.0,872.56,381.27,81280.5
251,972,person,881.4,214.48,160.25,278.58,881.4,214.48,44642.81
251,997,person,821.72,400.77,276.87,439.53,821.72,400.77,121692.49
251,1031,person,611.89,236.05,170.13,328.75,611.89,236.05,55930.19
251,1055,carton,1083.64,519.67,255.37,217.0,1083.64,519.67,55415.54
251,991,carton,1058.87,57.79,141.75,110.89,1058.87,57.79,15718.61
252,972,person,882.31,213.33,160.56,277.56,882.31,213.33,44563.75
252,997,person,827.39,399.01,277.38,437.91,827.39,399.01,121465.49
252,1031,person,611.29,233.35,169.8,332.84,611.29,233.35,56516.55
252,1055,carton,1084.32,518.98,255.04,216.88,1084.32,518.98,55312.68
252,991,carton,1060.61,57.01,142.65,108.81,1060.61,57.01,15521.7
253,972,person,883.4,213.45,160.19,275.79,883.4,213.45,44180.28
253,997,person,825.71,399.5,277.75,438.02,825.71,399.5,121658.16
253,1031,person,612.81,229.85,170.67,340.01,612.81,229.85,58029.35
253,1055,carton,1084.32,518.73,254.99,216.93,1084.32,518.73,55315.34
253,991,carton,1060.98,56.76,144.8,108.07,1060.98,56.76,15647.68
254,972,person,883.06,214.49,159.43,273.35,883.06,214.49,43579.8
254,997,person,826.79,400.65,279.93,438.56,826.79,400.65,122766.17
254,1031,person,614.07,229.26,170.12,343.17,614.07,229.26,58381.75
254,1055,carton,1083.62,518.6,254.79,216.88,1083.62,518.6,55258.57
254,991,carton,1060.18,56.83,147.74,108.14,1060.18,56.83,15976.33
255,972,person,882.37,215.36,159.69,272.76,882.37,215.36,43557.69
255,997,person,826.98,401.38,281.66,438.3,826.98,401.38,123453.55
255,1031,person,614.78,229.11,168.78,344.75,614.78,229.11,58185.75
255,1055,carton,1083.0,519.36,253.85,216.05,1083.0,519.36,54845.5
255,1076,person,773.45,399.58,191.73,436.33,773.45,399.58,83654.94
256,972,person,881.45,216.55,159.92,272.04,881.45,216.55,43504.59
256,997,person,845.76,400.06,276.94,435.35,845.76,400.06,120566.18
256,1031,person,617.06,222.71,172.51,359.44,617.06,222.71,62008.16
256,1055,carton,1082.49,520.41,253.95,216.16,1082.49,520.41,54894.29
256,1076,person,765.57,399.74,193.27,438.01,765.57,399.74,84655.92
256,1064,person,884.8,380.94,194.04,384.73,884.8,380.94,74652.87
256,991,carton,1059.14,57.06,150.96,108.63,1059.14,57.06,16398.93
257,972,person,877.51,217.53,159.91,268.78,877.51,217.53,42981.58
257,1031,person,617.24,221.53,172.27,365.8,617.24,221.53,63017.03
257,1055,carton,1081.57,521.57,254.41,216.62,1081.57,521.57,55109.98
257,1076,person,766.15,400.92,195.75,438.59,766.15,400.92,85855.61
257,1064,person,884.87,383.53,193.75,385.15,884.87,383.53,74622.41
258,972,person,874.78,219.34,160.8,266.77,874.78,219.34,42898.44
258,1031,person,620.57,221.19,169.59,366.35,620.57,221.19,62130.18
258,1055,carton,1079.9,523.67,253.83,215.95,1079.9,523.67,54813.16
258,1076,person,759.27,403.62,196.98,440.59,759.27,403.62,86787.43
258,1064,person,884.59,401.87,198.1,397.31,884.59,401.87,78705.84
259,972,person,874.67,221.16,161.7,266.21,874.67,221.16,43047.12
259,1031,person,623.23,222.42,165.45,364.21,623.23,222.42,60257.67
259,1055,carton,1078.69,525.35,252.84,214.97,1078.69,525.35,54353.55
259,1076,person,745.39,401.56,197.9,439.02,745.39,401.56,86884.56
259,1064,person,881.37,401.05,202.43,409.5,881.37,401.05,82893.15
259,991,carton,1058.02,60.92,162.24,116.45,1058.02,60.92,18893.55
260,972,person,874.47,222.62,162.08,265.43,874.47,222.62,43020.48
260,1031,person,624.53,223.61,160.76,362.05,624.53,223.61,58202.24
260,1055,carton,1077.21,527.41,251.67,213.71,1077.21,527.41,53783.75
260,1076,person,746.16,401.73,198.95,440.12,746.16,401.73,87561.02
260,1064,person,879.72,396.31,204.2,416.69,879.72,396.31,85086.73
260,1077,carton,846.66,80.52,266.71,157.19,846.66,80.52,41923.38
260,991,carton,1057.17,60.78,163.7,117.42,1057.17,60.78,19221.53
261,972,person,873.5,223.66,162.29,264.69,873.5,223.66,42955.26
261,1031,person,626.11,225.63,156.39,360.1,626.11,225.63,56316.61
261,1055,carton,1075.47,529.71,253.0,214.63,1075.47,529.71,54299.8
261,1076,person,741.96,400.68,198.51,436.98,741.96,400.68,86745.2
261,1064,person,877.8,400.37,208.57,429.62,877.8,400.37,89606.58
261,1077,carton,845.35,80.36,266.99,157.39,845.35,80.36,42019.9
261,991,carton,1056.71,61.45,165.37,118.6,1056.71,61.45,19612.09
262,972,person,870.64,225.62,162.74,263.85,870.64,225.62,42939.25
262,1031,person,627.19,225.55,153.09,359.61,627.19,225.55,55053.72
262,1055,carton,1074.41,531.63,253.63,215.03,1074.41,531.63,54537.24
262,1076,person,741.2,401.1,198.35,435.91,741.2,401.1,86462.45
262,1064,person,876.68,403.3,210.12,436.01,876.68,403.3,91613.11
262,1077,carton,844.0,87.5,290.57,171.84,844.0,87.5,49930.55
262,991,carton,1055.88,61.94,167.06,119.92,1055.88,61.94,20033.75
262,1079,carton,1041.75,184.31,166.93,174.25,1041.75,184.31,29087.87
263,972,person,867.97,228.34,162.5,261.79,867.97,228.34,42542.18
263,1031,person,627.05,227.16,151.75,362.41,627.05,227.16,54996.77
263,1055,carton,1071.67,534.45,254.24,215.48,1071.67,534.45,54783.61
263,1076,person,739.6,401.93,198.67,436.39,739.6,401.93,86698.59
263,1064,person,874.62,406.16,211.83,442.59,874.62,406.16,93754.23
263,1077,carton,842.48,83.35,277.88,164.46,842.48,83.35,45700.59
263,991,carton,1054.31,63.3,170.05,122.42,1054.31,63.3,20818.1
263,1079,carton,1038.5,186.85,166.75,173.93,1038.5,186.85,29003.83
264,972,person,867.37,230.4,163.67,262.25,867.37,230.4,42921.35
264,1031,person,626.05,229.98,150.19,364.5,626.05,229.98,54744.66
264,1055,carton,1068.86,537.19,253.33,214.54,1068.86,537.19,54349.23
264,1076,person,741.16,404.12,197.93,436.7,741.16,404.12,86433.76
264,1064,person,873.12,408.26,211.9,445.82,873.12,408.26,94467.97
264,1077,carton,840.87,82.58,275.15,163.18,840.87,82.58,44897.45
264,991,carton,1052.08,65.17,172.44,124.57,1052.08,65.17,21481.08
264,1079,carton,1039.73,190.09,164.77,171.91,1039.73,190.09,28326.47
265,972,person,864.67,233.39,163.49,260.82,864.67,233.39,42640.86
265,1031,person,625.57,231.38,148.65,366.57,625.57,231.38,54492.09
265,1055,carton,1066.5,539.12,253.22,214.28,1066.5,539.12,54260.68
265,1076,person,739.54,406.44,197.7,436.84,739.54,406.44,86362.08
265,1064,person,870.85,411.68,209.2,441.7,870.85,411.68,92405.24
265,991,carton,1049.2,67.0,175.04,127.01,1049.2,67.0,22231.05
265,1079,carton,1034.73,192.56,163.69,170.34,1034.73,192.56,27882.49
265,1080,person,428.34,493.72,108.21,280.0,428.34,493.72,30299.44
266,972,person,861.33,235.7,163.95,260.32,861.33,235.7,42677.94
266,1031,person,623.46,235.36,147.04,369.3,623.46,235.36,54303.39
266,1055,carton,1064.35,541.77,253.99,214.85,1064.35,541.77,54568.52
266,1076,person,741.45,408.69,196.83,437.41,741.45,408.69,86096.67
266,1064,person,869.6,405.66,213.58,455.11,869.6,405.66,97202.48
266,1080,person,426.99,496.14,108.51,280.82,426.99,496.14,30471.92
267,972,person,858.34,239.04,162.04,255.76,858.34,239.04,41443.71
267,1031,person,622.27,240.33,144.65,369.4,622.27,240.33,53432.89
267,1055,carton,1062.21,544.52,253.55,214.58,1062.21,544.52,54407.76
267,1076,person,739.37,414.54,194.47,433.7,739.37,414.54,84341.14
267,1064,person,867.21,415.78,208.01,445.2,867.21,415.78,92605.23
268,972,person,855.46,242.8,162.32,254.52,855.46,242.8,41315.73
268,1031,person,621.06,243.93,142.1,367.48,621.06,243.93,52218.77
268,1055,carton,1059.64,547.61,252.87,214.3,1059.64,547.61,54190.7
268,1076,person,737.51,416.36,192.57,431.98,737.51,416.36,83185.1
268,1064,person,865.04,416.91,207.57,446.93,865.04,416.91,92767.66
268,1080,person,424.64,504.25,113.87,295.02,424.64,504.25,33595.0
269,972,person,854.25,245.94,161.87,252.4,854.25,245.94,40854.41
269,1031,person,620.42,247.54,139.2,364.52,620.42,247.54,50742.18
269,1055,carton,1055.78,549.66,251.79,213.68,1055.78,549.66,53803.51
269,1076,person,737.25,419.49,193.87,437.56,737.25,419.49,84830.74
269,1064,person,862.83,423.53,203.35,439.27,862.83,423.53,89326.58
270,972,person,852.88,249.82,162.82,253.0,852.88,249.82,41192.93
270,1031,person,620.49,251.24,137.12,362.16,620.49,251.24,49660.36
270,1055,carton,1052.32,551.46,251.6,213.71,1052.32,551.46,53770.59
270,1076,person,736.11,421.58,193.23,437.97,736.11,421.58,84629.0
270,1064,person,859.98,424.85,200.38,433.05,859.98,424.85,86774.3
271,972,person,850.71,253.34,162.57,251.52,850.71,253.34,40890.59
271,1031,person,620.54,253.83,134.74,359.92,620.54,253.83,48496.89
271,1055,carton,1049.31,552.67,250.25,212.58,1049.31,552.67,53198.11
271,1076,person,734.58,423.38,192.26,437.76,734.58,423.38,84163.29
271,1064,person,857.76,432.55,195.68,422.02,857.76,432.55,82579.28
271,991,carton,1032.07,77.47,198.56,147.9,1032.07,77.47,29367.87
272,972,person,849.12,254.82,160.64,247.36,849.12,254.82,39736.02
272,1031,person,621.9,256.13,132.48,356.7,621.9,256.13,47255.61
272,1055,carton,1047.07,553.97,249.6,212.17,1047.07,553.97,52958.64
272,1076,person,733.06,426.15,189.72,434.15,733.06,426.15,82365.13
272,1064,person,854.75,435.84,194.29,417.27,854.75,435.84,81070.1
272,991,carton,1028.07,80.3,197.76,151.3,1028.07,80.3,29919.78
272,1080,person,424.2,509.39,112.25,292.76,424.2,509.39,32862.75
273,972,person,848.26,255.82,158.32,242.21,848.26,255.82,38345.98
273,1031,person,624.11,258.62,129.76,352.0,624.11,258.62,45676.94
273,1055,carton,1044.48,552.84,245.54,208.7,1044.48,552.84,51245.02
273,1076,person,731.62,427.25,187.25,431.04,731.62,427.25,80710.03
273,1064,person,853.87,437.4,192.26,411.82,853.87,437.4,79177.45
273,991,carton,1024.98,83.09,194.96,152.59,1024.98,83.09,29747.79
273,1079,carton,1012.43,219.07,162.49,168.94,1012.43,219.07,27452.69
274,972,person,848.09,253.48,154.95,235.29,848.09,253.48,36457.98
274,1031,person,629.3,259.69,127.97,347.8,629.3,259.69,44506.59
274,1055,carton,1041.56,549.29,242.46,206.1,1041.56,549.29,49970.54
274,1076,person,731.11,426.2,182.26,419.95,731.11,426.2,76539.94
274,1064,person,853.66,434.69,188.24,401.34,853.66,434.69,75550.58
274,991,carton,1021.79,84.98,191.58,153.24,1021.79,84.98,29357.38
274,1079,carton,1010.13,219.88,161.42,167.89,1010.13,219.88,27100.39
275,972,person,849.26,252.2,152.9,230.74,849.26,252.2,35280.24
275,1031,person,635.63,259.23,125.48,344.55,635.63,259.23,43233.64
275,1055,carton,1040.15,543.56,236.72,200.85,1040.15,543.56,47544.95
275,1076,person,732.94,422.24,177.63,410.31,732.94,422.24,72885.78
275,1064,person,855.87,430.07,188.02,400.89,855.87,430.07,75374.98
275,991,carton,1019.99,86.27,187.21,152.79,1019.99,86.27,28604.35
275,1079,carton,1008.12,220.51,160.35,167.16,1008.12,220.51,26804.1
276,972,person,850.69,251.28,151.12,226.97,850.69,251.28,34299.05
276,1031,person,640.02,259.32,123.73,342.35,640.02,259.32,42360.16
276,1055,carton,1038.65,537.73,231.9,196.64,1038.65,537.73,45601.17
276,1076,person,735.96,419.49,175.01,405.79,735.96,419.49,71017.52
276,1064,person,857.92,427.11,187.26,399.84,857.92,427.11,74872.73
276,991,carton,1018.58,88.27,181.06,150.34,1018.58,88.27,27220.49
276,1079,carton,1006.62,220.69,156.85,163.54,1006.62,220.69,25652.34
277,972,person,851.71,250.13,147.05,219.23,851.71,250.13,32239.28
277,1031,person,645.43,260.69,122.65,340.31,645.43,260.69,41740.62
277,1055,carton,1036.13,532.58,228.29,193.6,1036.13,532.58,44195.55
277,1076,person,740.2,418.64,170.71,397.65,740.2,418.64,67882.3
277,1064,person,859.77,402.49,203.56,440.91,859.77,402.49,89752.16
278,972,person,852.78,246.47,136.88,201.18,852.78,246.47,27538.03
278,1031,person,650.81,264.45,119.24,332.34,650.81,264.45,39628.96
278,1055,carton,1033.26,528.87,223.08,189.15,1033.26,528.87,42195.14
278,1076,person,743.88,417.39,168.15,392.67,743.88,417.39,66026.85
278,1064,person,862.8,392.67,206.1,452.88,862.8,392.67,93337.11
279,972,person,852.55,245.65,128.91,185.69,852.55,245.65,23936.77
279,1031,person,659.85,267.91,114.4,322.53,659.85,267.91,36898.6
279,1055,carton,1030.76,526.48,216.62,183.61,1030.76,526.48,39772.32
279,1076,person,750.56,415.27,163.92,384.44,750.56,415.27,63015.11
279,1064,person,864.36,388.9,202.7,451.34,864.36,388.9,91485.68
279,1079,carton,1005.09,230.56,145.95,151.78,1005.09,230.56,22152.1
280,972,person,855.07,249.02,122.03,172.34,855.07,249.02,21030.84
280,1031,person,667.7,273.03,109.78,312.24,667.7,273.03,34277.81
280,1076,person,754.4,430.96,145.42,337.45,754.4,430.96,49071.57
280,1064,person,865.94,385.81,196.54,442.62,865.94,385.81,86990.54
281,972,person,855.82,253.59,115.55,159.77,855.82,253.59,18461.44
281,1031,person,673.64,279.56,105.22,299.74,673.64,279.56,31540.26
281,1076,person,758.95,428.33,148.06,344.02,758.95,428.33,50935.07
281,1064,person,868.01,386.22,188.32,429.72,868.01,386.22,80923.7
